name,gmap_id,latitude,longitude,category,avg_rating,num_of_reviews,url,County,City,State,Country
Palms Inn,0x88e77bee8518ceef:0xbbd071e414788286,28.5106252,-81.418326,Hotel,2.8,18,https://www.google.com/maps/place//data=!4m2!3m1!1s0x88e77bee8518ceef:0xbbd071e414788286?authuser=-1&hl=en&gl=us,Orange County,Orlando,Florida,United States
Building 71,0x88dd8081a8007249:0xaebc4131dc396da9,28.402667899999997,-81.4684089,Hotel,4.8,25,https://www.google.com/maps/place//data=!4m2!3m1!1s0x88dd8081a8007249:0xaebc4131dc396da9?authuser=-1&hl=en&gl=us,Orange County,Orlando,Florida,United States
Luxurious Apts in Brickell,0x88d9b68731cfdd8f:0xe4dcbb0342098ef,25.7592437,-80.1935709,Hotel,5.0,5,https://www.google.com/maps/place//data=!4m2!3m1!1s0x88d9b68731cfdd8f:0xe4dcbb0342098ef?authuser=-1&hl=en&gl=us,Miami-Dade County,Miami,Florida,United States
Times Square Towers,0x89c258ffcaad98a9:0x2c9c3733efc6ef43,40.755883399999995,-73.9800775,Hotel,4.2,5,https://www.google.com/maps/place//data=!4m2!3m1!1s0x89c258ffcaad98a9:0x2c9c3733efc6ef43?authuser=-1&hl=en&gl=us,New York County,New York,New York,United States
Gilt,0x89c258fc6c3037df:0x4c0fd32b72899779,40.7578805,-73.97515159999999,Hotel,4.4,8,https://www.google.com/maps/place//data=!4m2!3m1!1s0x89c258fc6c3037df:0x4c0fd32b72899779?authuser=-1&hl=en&gl=us,New York County,New York,New York,United States
Lake Inn Orlando,0x88e77ba378b3a00b:0x4f00acb20a19abb9,28.500407799999998,-81.3964433,Hotel,5.0,2,https://www.google.com/maps/place//data=!4m2!3m1!1s0x88e77ba378b3a00b:0x4f00acb20a19abb9?authuser=-1&hl=en&gl=us,Orange County,Orlando,Florida,United States
Studio in Times Square,0x89c2585240000001:0xb38aa8ec0cc82533,40.7578645,-73.983992,Hotel,3.2,33,https://www.google.com/maps/place//data=!4m2!3m1!1s0x89c2585240000001:0xb38aa8ec0cc82533?authuser=-1&hl=en&gl=us,New York County,New York,New York,United States
Lifestyles Resorts & Spa,0x88e778dcc76bc015:0xf6c9873398e9f2f8,28.517803999999998,-81.48186439999999,Resort hotel,3.4,5,https://www.google.com/maps/place//data=!4m2!3m1!1s0x88e778dcc76bc015:0xf6c9873398e9f2f8?authuser=-1&hl=en&gl=us,Orange County,Orlando,Florida,United States
Harlem 144 Guest House,0x89c2f612248002bd:0x110c9492e7d1b9b7,40.8051247,-73.9495755,Hotel,3.3,4,https://www.google.com/maps/place//data=!4m2!3m1!1s0x89c2f612248002bd:0x110c9492e7d1b9b7?authuser=-1&hl=en&gl=us,New York County,New York,New York,United States
Building 63,0x88dd807fc80ee109:0xb4294b11264f23aa,28.403503699999998,-81.4710006,Hotel,4.7,6,https://www.google.com/maps/place//data=!4m2!3m1!1s0x88dd807fc80ee109:0xb4294b11264f23aa?authuser=-1&hl=en&gl=us,Orange County,Orlando,Florida,United States
Oakwood Residence Sixth Avenue,0x89c259a8d3694aad:0x53bb7b3cfa9dcc1a,40.748154299999996,-73.9886899,Hotel,4.3,15,https://www.google.com/maps/place//data=!4m2!3m1!1s0x89c259a8d3694aad:0x53bb7b3cfa9dcc1a?authuser=-1&hl=en&gl=us,New York County,New York,New York,United States
Preferred Guest Holdings,0x88e77ef85700ebc5:0x4ff530153fe80c4d,28.453958099999998,-81.46342369999999,Resort hotel,4.1,13,https://www.google.com/maps/place//data=!4m2!3m1!1s0x88e77ef85700ebc5:0x4ff530153fe80c4d?authuser=-1&hl=en&gl=us,Orange County,Orlando,Florida,United States
Blue Heron 1005 Rental Condo bh4rent.com,0x88dd8031130037e5:0xfb16d93b5d9a8016,28.3686145,-81.5015571,Resort hotel,4.5,25,https://www.google.com/maps/place//data=!4m2!3m1!1s0x88dd8031130037e5:0xfb16d93b5d9a8016?authuser=-1&hl=en&gl=us,Orange County,Orlando,Florida,United States
Building 69,0x88dd80812203577d:0x5f77db1e909b56e9,28.4011894,-81.46872929999999,Hotel,4.8,25,https://www.google.com/maps/place//data=!4m2!3m1!1s0x88dd80812203577d:0x5f77db1e909b56e9?authuser=-1&hl=en&gl=us,Orange County,Orlando,Florida,United States
Kiara's Rooms,0x89c2f720760a3b95:0xcc98298b78d187f9,40.807007399999996,-73.9411064,Hotel,4.0,2,https://www.google.com/maps/place//data=!4m2!3m1!1s0x89c2f720760a3b95:0xcc98298b78d187f9?authuser=-1&hl=en&gl=us,New York County,New York,New York,United States
Art Deco Wing of The Betsy Hotel,0x88d9b490154128af:0x4d142ebcb5fa2c50,25.786582799999998,-80.1303312,Hotel,4.2,5,https://www.google.com/maps/place//data=!4m2!3m1!1s0x88d9b490154128af:0x4d142ebcb5fa2c50?authuser=-1&hl=en&gl=us,Miami-Dade County,Miami Beach,Florida,United States
The Balfour Hotel,0x88d9b59de9f49399:0xc08ac4428d184e9,25.7731258,-80.1325214,Hotel,4.6,7,https://www.google.com/maps/place//data=!4m2!3m1!1s0x88d9b59de9f49399:0xc08ac4428d184e9?authuser=-1&hl=en&gl=us,Miami-Dade County,Miami Beach,Florida,United States
Nadlan Management Rooms,0x88d9b6bce4e6ce1f:0x6f6e7b92ee4d9d64,25.7844506,-80.2006561,Hotel,3.4,5,https://www.google.com/maps/place//data=!4m2!3m1!1s0x88d9b6bce4e6ce1f:0x6f6e7b92ee4d9d64?authuser=-1&hl=en&gl=us,Miami-Dade County,Miami,Florida,United States
Orlando - Intteli Fun Rentals,0x88e77e78d34c5cd3:0xccd49c6b27970cd6,28.444224,-81.4301143,Resort hotel,2.2,15,https://www.google.com/maps/place//data=!4m2!3m1!1s0x88e77e78d34c5cd3:0xccd49c6b27970cd6?authuser=-1&hl=en&gl=us,Orange County,Orlando,Florida,United States
CFI Westgate Resorts,0x88e77d78d304d599:0xc63d0e631f811773,28.458469599999997,-81.4100162,Resort hotel,4.2,8,https://www.google.com/maps/place//data=!4m2!3m1!1s0x88e77d78d304d599:0xc63d0e631f811773?authuser=-1&hl=en&gl=us,Orange County,Orlando,Florida,United States
Kendall Hotel & Suites,0x88d9c717c31b8e99:0x445110074cc228a3,25.68742,-80.34309999999999,Hotel,3.8,4,https://www.google.com/maps/place//data=!4m2!3m1!1s0x88d9c717c31b8e99:0x445110074cc228a3?authuser=-1&hl=en&gl=us,Miami-Dade County,Miami,Florida,United States
"The Florida Hotel & Conference Center, BW Premier Collection",0x88e77dd4b14a224d:0x6aa10d93b20597ae,28.4448902,-81.3960048,Hotel,4.5,15,https://www.google.com/maps/place//data=!4m2!3m1!1s0x88e77dd4b14a224d:0x6aa10d93b20597ae?authuser=-1&hl=en&gl=us,Orange County,Orlando,Florida,United States
Hotel orlando,0x88e77beff23437ad:0x8154cfc2a9cdf8ea,28.507760599999997,-81.4163775,Hotel,3.0,6,https://www.google.com/maps/place//data=!4m2!3m1!1s0x88e77beff23437ad:0x8154cfc2a9cdf8ea?authuser=-1&hl=en&gl=us,Orange County,Orlando,Florida,United States
THYME at Carillon Miami Wellness Resort,0x88d9b2dded8e2225:0x24ea0d7a0fcd2c2c,25.853068,-80.11956099999999,Hotel,4.3,8,https://www.google.com/maps/place//data=!4m2!3m1!1s0x88d9b2dded8e2225:0x24ea0d7a0fcd2c2c?authuser=-1&hl=en&gl=us,Miami-Dade County,Miami Beach,Florida,United States
The New Yorker Hotel,0x88d9b36276aa5115:0xecfc75dfa992d136,25.8359098,-80.1843394,Hotel,4.7,13,https://www.google.com/maps/place//data=!4m2!3m1!1s0x88d9b36276aa5115:0xecfc75dfa992d136?authuser=-1&hl=en&gl=us,Miami-Dade County,Miami,Florida,United States
Hotel Chelsea,0x89c25962e0e4e2ab:0x9ccd84bb99a80903,40.744334099999996,-73.9968729,Hotel,4.5,14,https://www.google.com/maps/place//data=!4m2!3m1!1s0x89c25962e0e4e2ab:0x9ccd84bb99a80903?authuser=-1&hl=en&gl=us,New York County,New York,New York,United States
New York Gisele's Guest House,0x89c2f6118600e6e5:0x2be809a66e730b60,40.804538199999996,-73.94989,Hotel,4.8,4,https://www.google.com/maps/place//data=!4m2!3m1!1s0x89c2f6118600e6e5:0x2be809a66e730b60?authuser=-1&hl=en&gl=us,New York County,New York,New York,United States
Jasper Miami,0x88d9b58a9f107375:0xdf879c0672a318f6,25.773783299999998,-80.1357065,Hotel,3.4,5,https://www.google.com/maps/place//data=!4m2!3m1!1s0x88d9b58a9f107375:0xdf879c0672a318f6?authuser=-1&hl=en&gl=us,Miami-Dade County,Miami Beach,Florida,United States
Dream Destinations LLC,0x88d9b4f21620fb63:0xd08081bc49645791,25.771562799999998,-80.1333168,Hotel,4.8,8,https://www.google.com/maps/place//data=!4m2!3m1!1s0x88d9b4f21620fb63:0xd08081bc49645791?authuser=-1&hl=en&gl=us,Miami-Dade County,Miami Beach,Florida,United States
Tempo Miami - A RockResort,0x88d9b69e19b574f9:0x640009a55b9a4ca3,25.785186099999997,-80.1901029,Hotel,5.0,3,https://www.google.com/maps/place//data=!4m2!3m1!1s0x88d9b69e19b574f9:0x640009a55b9a4ca3?authuser=-1&hl=en&gl=us,Miami-Dade County,Miami,Florida,United States
MID Store,0x88e77f52baf23513:0xac340268c951d93a,28.457463699999998,-81.4703158,Hotel,1.0,1,https://www.google.com/maps/place//data=!4m2!3m1!1s0x88e77f52baf23513:0xac340268c951d93a?authuser=-1&hl=en&gl=us,Orange County,Orlando,Florida,United States
Hotel New York,0x89c259f7010fc943:0xdfe1f9f7fbdc996f,40.7548646,-73.9730573,Hotel,5.0,1,https://www.google.com/maps/place//data=!4m2!3m1!1s0x89c259f7010fc943:0xdfe1f9f7fbdc996f?authuser=-1&hl=en&gl=us,New York County,New York,New York,United States
Roco,0x88d9c749ad7179e1:0x96a793f6ef3126a0,25.7000615,-80.35765529999999,Hotel,1.0,1,https://www.google.com/maps/place//data=!4m2!3m1!1s0x88d9c749ad7179e1:0x96a793f6ef3126a0?authuser=-1&hl=en&gl=us,Miami-Dade County,Miami,Florida,United States
Sonder at Vista Cay,0x88e77f42a4b9a1d7:0x1458a5f58c8eab15,28.424764099999997,-81.4441063,Hotel,5.0,6,https://www.google.com/maps/place//data=!4m2!3m1!1s0x88e77f42a4b9a1d7:0x1458a5f58c8eab15?authuser=-1&hl=en&gl=us,Orange County,Orlando,Florida,United States
The Best Miami Hotel,0x88d9c7f1d1a779df:0xbc923669c3837bf4,25.7054282,-80.29106949999999,Hotel,2.4,98,https://www.google.com/maps/place//data=!4m2!3m1!1s0x88d9c7f1d1a779df:0xbc923669c3837bf4?authuser=-1&hl=en&gl=us,Miami-Dade County,Miami,Florida,United States
Ventura Resort Rentals Orlando,0x88e7648b437faec1:0xfaebd98e821b5831,28.5175025,-81.2924529,Resort hotel,4.0,48,https://www.google.com/maps/place//data=!4m2!3m1!1s0x88e7648b437faec1:0xfaebd98e821b5831?authuser=-1&hl=en&gl=us,Orange County,Orlando,Florida,United States
Hotel Motel Prestige Place #2,0x88d9b11ed42d5b9b:0xde8ebc468d453aa7,25.8327274,-80.22686139999999,Hotel,4.4,5,https://www.google.com/maps/place//data=!4m2!3m1!1s0x88d9b11ed42d5b9b:0xde8ebc468d453aa7?authuser=-1&hl=en&gl=us,Miami-Dade County,Miami,Florida,United States
Nuovo Miami Flat,0x88d9b68731cfdd8f:0xde801e406f91606d,25.7592437,-80.1935709,Hotel,3.0,8,https://www.google.com/maps/place//data=!4m2!3m1!1s0x88d9b68731cfdd8f:0xde801e406f91606d?authuser=-1&hl=en&gl=us,Miami-Dade County,Miami,Florida,United States
Terracotta Theatre Suites,0x88e76363450fb9b3:0x958058e015ed1710,28.483158799999998,-81.3077156,Hotel,4.8,4,https://www.google.com/maps/place//data=!4m2!3m1!1s0x88e76363450fb9b3:0x958058e015ed1710?authuser=-1&hl=en&gl=us,Orange County,Orlando,Florida,United States
Couch & Sofa Dr.®️ NYC,0x89c258fcd0b5f04f:0x52826fe6e8398c74,40.756419199999996,-73.97173169999999,Hotel supply store,4.4,38,https://www.google.com/maps/place//data=!4m2!3m1!1s0x89c258fcd0b5f04f:0x52826fe6e8398c74?authuser=-1&hl=en&gl=us,New York County,New York,New York,United States
Rodeway Inn Near Florida Mall,0x88e77c42ddd3cd2d:0xe39ec54b1bcc3f67,28.468061,-81.39614399999999,Hotel,2.7,238,https://www.google.com/maps/place//data=!4m2!3m1!1s0x88e77c42ddd3cd2d:0xe39ec54b1bcc3f67?authuser=-1&hl=en&gl=us,Orange County,Orlando,Florida,United States
Pago Pago Longhouse at Disney's Polynesian Village Resort,0x88dd7e18963e85fd:0x9fcb6c897b3b28f0,28.4053553,-81.5825079,Hotel,4.6,8,https://www.google.com/maps/place//data=!4m2!3m1!1s0x88dd7e18963e85fd:0x9fcb6c897b3b28f0?authuser=-1&hl=en&gl=us,Orange County,Orlando,Florida,United States
Building 67,0x88dd8080e4249c0f:0xa8f299f7138ce248,28.4016834,-81.4695448,Hotel,4.9,27,https://www.google.com/maps/place//data=!4m2!3m1!1s0x88dd8080e4249c0f:0xa8f299f7138ce248?authuser=-1&hl=en&gl=us,Orange County,Orlando,Florida,United States
Chic Apartments at Miami Beach,0x88d9b36158b3a55f:0xa82f05bedf34d1d7,25.8040769,-80.1260671,Hotel,4.3,44,https://www.google.com/maps/place//data=!4m2!3m1!1s0x88d9b36158b3a55f:0xa82f05bedf34d1d7?authuser=-1&hl=en&gl=us,Miami-Dade County,Miami Beach,Florida,United States
Westgate Resorts - Lake Ellenor,0x88e77c43d4f6cd2b:0x1a911bd3a2a6d7f,28.4677474,-81.400059,Resort hotel,3.2,87,https://www.google.com/maps/place//data=!4m2!3m1!1s0x88e77c43d4f6cd2b:0x1a911bd3a2a6d7f?authuser=-1&hl=en&gl=us,Orange County,Orlando,Florida,United States
Gonzalo,0x88d9b8d6e54dcf91:0xacf69be3983bf999,25.764454999999998,-80.35815699999999,Hotel,3.5,16,https://www.google.com/maps/place//data=!4m2!3m1!1s0x88d9b8d6e54dcf91:0xacf69be3983bf999?authuser=-1&hl=en&gl=us,Miami-Dade County,Miami,Florida,United States
We Own South Beach Concierge,0x88def621af8cecfb:0x7e6d2c4c1e03e6b3,25.8130331,-80.13523529999999,Hotel,5.0,118,https://www.google.com/maps/place//data=!4m2!3m1!1s0x88def621af8cecfb:0x7e6d2c4c1e03e6b3?authuser=-1&hl=en&gl=us,Miami-Dade County,Miami Beach,Florida,United States
Hyatt Centric 39th & 5th New York,0x89c25900c0bc4039:0xabae9eb47d4ddf31,40.7509292,-73.9814711,Hotel,4.0,5,https://www.google.com/maps/place//data=!4m2!3m1!1s0x89c25900c0bc4039:0xabae9eb47d4ddf31?authuser=-1&hl=en&gl=us,New York County,New York,New York,United States
Chelsea Antiques Building,0x89c259a50348e327:0x382bee9511791d35,40.744192,-73.99255099999999,Hotel,5.0,1,https://www.google.com/maps/place//data=!4m2!3m1!1s0x89c259a50348e327:0x382bee9511791d35?authuser=-1&hl=en&gl=us,New York County,New York,New York,United States
Sandbar Rooftop,0x89c259d10e654f89:0x62d82b277df2095a,40.7455564,-73.9937483,Hotel,4.0,78,https://www.google.com/maps/place//data=!4m2!3m1!1s0x89c259d10e654f89:0x62d82b277df2095a?authuser=-1&hl=en&gl=us,New York County,New York,New York,United States
Motel Ankara,0x88d9b36273d29b25:0xf31e165ff6bc5f56,25.8002143,-80.1273873,Hotel,5.0,2,https://www.google.com/maps/place//data=!4m2!3m1!1s0x88d9b36273d29b25:0xf31e165ff6bc5f56?authuser=-1&hl=en&gl=us,Miami-Dade County,Miami Beach,Florida,United States
Hotel Marriot downtown,0x89c25ba00e828b77:0x64c926d1109040b,40.7095431,-74.0142547,Hotel,4.8,13,https://www.google.com/maps/place//data=!4m2!3m1!1s0x89c25ba00e828b77:0x64c926d1109040b?authuser=-1&hl=en&gl=us,New York County,New York,New York,United States
HOLLIDAY INN NYC TIME SQUARE,0x89c259811dd73a8d:0xa1c89f43647fa796,40.755229,-73.99171199999999,Hotel,4.0,1,https://www.google.com/maps/place//data=!4m2!3m1!1s0x89c259811dd73a8d:0xa1c89f43647fa796?authuser=-1&hl=en&gl=us,New York County,New York,New York,United States
ヒルトン ガーデンインタイムズスクエア,0x89c258568ff26bdf:0x3e4590ee94f6620c,40.7721162,-73.96458609999999,Hotel,4.0,1,https://www.google.com/maps/place//data=!4m2!3m1!1s0x89c258568ff26bdf:0x3e4590ee94f6620c?authuser=-1&hl=en&gl=us,New York County,New York,New York,United States
AllExpeditions,0x88d9b68242c3e9c7:0xf38d497c5ecce9b9,25.781091999999997,-80.212476,Hotel,4.8,4,https://www.google.com/maps/place//data=!4m2!3m1!1s0x88d9b68242c3e9c7:0xf38d497c5ecce9b9?authuser=-1&hl=en&gl=us,Miami-Dade County,Miami,Florida,United States
Mayor Hotel,0x89c25a288e5a62c3:0x35482cdd1ae4b39f,40.7141397,-73.993837,Hotel,2.8,28,https://www.google.com/maps/place//data=!4m2!3m1!1s0x89c25a288e5a62c3:0x35482cdd1ae4b39f?authuser=-1&hl=en&gl=us,New York County,New York,New York,United States
Oak Room,0x89c258fff273dd6b:0x905892ec71a7f300,40.7559768,-73.98227229999999,Hotel,4.6,8,https://www.google.com/maps/place//data=!4m2!3m1!1s0x89c258fff273dd6b:0x905892ec71a7f300?authuser=-1&hl=en&gl=us,New York County,New York,New York,United States
Sadigo Court,0x88d9b49cdabfcf2b:0x1516a5348e901ed0,25.7960528,-80.1309345,Hotel,4.0,8,https://www.google.com/maps/place//data=!4m2!3m1!1s0x88d9b49cdabfcf2b:0x1516a5348e901ed0?authuser=-1&hl=en&gl=us,Miami-Dade County,Miami Beach,Florida,United States
Lyx Miami Suites,0x88d9b6873ab406a9:0xa965986cbd6fb21d,25.7593645,-80.1933134,Hotel,2.1,58,https://www.google.com/maps/place//data=!4m2!3m1!1s0x88d9b6873ab406a9:0xa965986cbd6fb21d?authuser=-1&hl=en&gl=us,Miami-Dade County,Miami,Florida,United States
Apart Hotel Miami,0x88d9b3685641e7ff:0x914cee52c68014b5,25.813333099999998,-80.1232138,Hotel,3.7,3,https://www.google.com/maps/place//data=!4m2!3m1!1s0x88d9b3685641e7ff:0x914cee52c68014b5?authuser=-1&hl=en&gl=us,Miami-Dade County,Miami Beach,Florida,United States
Jlk Lodge #767,0x88d9c4713bfe52d7:0x48d7c0036c7103cc,25.5964368,-80.359264,Hotel,5.0,2,https://www.google.com/maps/place//data=!4m2!3m1!1s0x88d9c4713bfe52d7:0x48d7c0036c7103cc?authuser=-1&hl=en&gl=us,Miami-Dade County,Miami,Florida,United States
Ambersweet,0x88d9b344d6068503:0x7a6657a0b24c9d2e,25.8127277,-80.12261749999999,Hotel,4.1,26,https://www.google.com/maps/place//data=!4m2!3m1!1s0x88d9b344d6068503:0x7a6657a0b24c9d2e?authuser=-1&hl=en&gl=us,Miami-Dade County,Miami Beach,Florida,United States
34th & Madison by BridgeStreet,0x89c25907765544c3:0x3ba67f2451cb649d,40.747669599999995,-73.9821995,Hotel,3.8,8,https://www.google.com/maps/place//data=!4m2!3m1!1s0x89c25907765544c3:0x3ba67f2451cb649d?authuser=-1&hl=en&gl=us,New York County,New York,New York,United States
Macy's Empire Hotel,0x89c259a8c72ce547:0x5219ec5e1e757d75,40.747208199999996,-73.98794509999999,Hotel,3.3,8,https://www.google.com/maps/place//data=!4m2!3m1!1s0x89c259a8c72ce547:0x5219ec5e1e757d75?authuser=-1&hl=en&gl=us,New York County,New York,New York,United States
Hotel Double Tree Hilton,0x89c25855c07cf307:0xb8550f641034c916,40.7590484,-73.98460299999999,Hotel,3.6,5,https://www.google.com/maps/place//data=!4m2!3m1!1s0x89c25855c07cf307:0xb8550f641034c916?authuser=-1&hl=en&gl=us,New York County,New York,New York,United States
Marine grill mural,0x89c25bf0c45b4bc1:0xcd6d61428c50a28,40.710429999999995,-74.0081348,Hotel,5.0,1,https://www.google.com/maps/place//data=!4m2!3m1!1s0x89c25bf0c45b4bc1:0xcd6d61428c50a28?authuser=-1&hl=en&gl=us,New York County,New York,New York,United States
Hotel Dorset,0x89c258f983c4cf7f:0xdd393060b26d3309,40.761803799999996,-73.9775202,Hotel,3.0,2,https://www.google.com/maps/place//data=!4m2!3m1!1s0x89c258f983c4cf7f:0xdd393060b26d3309?authuser=-1&hl=en&gl=us,New York County,New York,New York,United States
Building 70,0x88dd808103729dff:0x86a72246bebaf2d4,28.402098799999997,-81.468829,Hotel,4.7,18,https://www.google.com/maps/place//data=!4m2!3m1!1s0x88dd808103729dff:0x86a72246bebaf2d4?authuser=-1&hl=en&gl=us,Orange County,Orlando,Florida,United States
Luxury Travel,0x88d9b69cd6fb267b:0x55ce1aa39e4c819d,25.769090199999997,-80.1904204,Hotel,2.7,3,https://www.google.com/maps/place//data=!4m2!3m1!1s0x88d9b69cd6fb267b:0x55ce1aa39e4c819d?authuser=-1&hl=en&gl=us,Miami-Dade County,Miami,Florida,United States
31 Street Broadway Hotel,0x89c25980c90c93d7:0xcb0f33c059c23944,40.747211,-73.9878074,Hotel,1.2,8,https://www.google.com/maps/place//data=!4m2!3m1!1s0x89c25980c90c93d7:0xcb0f33c059c23944?authuser=-1&hl=en&gl=us,New York County,New York,New York,United States
Sorrento Tower,0x88d9b3698b17bf55:0x4c6e0f36a729ac11,25.8162956,-80.12183519999999,Hotel,4.6,36,https://www.google.com/maps/place//data=!4m2!3m1!1s0x88d9b3698b17bf55:0x4c6e0f36a729ac11?authuser=-1&hl=en&gl=us,Miami-Dade County,Miami Beach,Florida,United States
Barbizon Hotel,0x89c258ef2ff79045:0xdd46358bcb2c6c3a,40.7644486,-73.9662417,Hotel,4.9,7,https://www.google.com/maps/place//data=!4m2!3m1!1s0x89c258ef2ff79045:0xdd46358bcb2c6c3a?authuser=-1&hl=en&gl=us,New York County,New York,New York,United States
JW Marriott Pool Deck,0x88dd80aaa29f1f0f:0x7b18323d90b9481d,28.4027235,-81.428752,Hotel,4.8,45,https://www.google.com/maps/place//data=!4m2!3m1!1s0x88dd80aaa29f1f0f:0x7b18323d90b9481d?authuser=-1&hl=en&gl=us,Orange County,Orlando,Florida,United States
Casa Florida Hotel,0x88d9b691ab8f10cb:0x30f089ed532e79e1,25.7721275,-80.2017521,Hotel,4.6,8,https://www.google.com/maps/place//data=!4m2!3m1!1s0x88d9b691ab8f10cb:0x30f089ed532e79e1?authuser=-1&hl=en&gl=us,Miami-Dade County,Miami,Florida,United States
Regency Inn & Suites,0x89c259ac299cc47d:0xbc4bf41867191a8c,40.7515748,-73.9913589,Hotel,4.3,8,https://www.google.com/maps/place//data=!4m2!3m1!1s0x89c259ac299cc47d:0xbc4bf41867191a8c?authuser=-1&hl=en&gl=us,New York County,New York,New York,United States
Hilton Grand Vacations Sales Center,0x88dd819a82fca7ff:0xeed4314d33992aa5,28.399986799999997,-81.49302229999999,Hotel,4.1,68,https://www.google.com/maps/place//data=!4m2!3m1!1s0x88dd819a82fca7ff:0xeed4314d33992aa5?authuser=-1&hl=en&gl=us,Orange County,Orlando,Florida,United States
Baymont Inn & Suites Orlando/ Universal Area,0x88e77ec726eebe09:0x270d9998bbb188f7,28.480908099999997,-81.4524423,Hotel,3.5,13,https://www.google.com/maps/place//data=!4m2!3m1!1s0x88e77ec726eebe09:0x270d9998bbb188f7?authuser=-1&hl=en&gl=us,Orange County,Orlando,Florida,United States
Versailles Tower,0x88d9b36a5d8ecc0f:0xc992706c91a98e63,25.818284199999997,-80.1227526,Hotel,4.5,17,https://www.google.com/maps/place//data=!4m2!3m1!1s0x88d9b36a5d8ecc0f:0xc992706c91a98e63?authuser=-1&hl=en&gl=us,Miami-Dade County,Miami Beach,Florida,United States
Mister H,0x89c259898f86c933:0xd2c096f7fd83ac5a,40.719825,-74.00007599999999,Hotel,3.8,8,https://www.google.com/maps/place//data=!4m2!3m1!1s0x89c259898f86c933:0xd2c096f7fd83ac5a?authuser=-1&hl=en&gl=us,New York County,New York,New York,United States
Peninsula Hotel,0x89c258fa4bad1a3d:0x36dd0a0095bae542,40.761626,-73.9754746,Hotel,4.8,14,https://www.google.com/maps/place//data=!4m2!3m1!1s0x89c258fa4bad1a3d:0x36dd0a0095bae542?authuser=-1&hl=en&gl=us,New York County,New York,New York,United States
Makis Place hotel,0x88d9b4206d5b3557:0x71d731f434627f75,25.7785592,-80.1867546,Hotel,4.1,18,https://www.google.com/maps/place//data=!4m2!3m1!1s0x88d9b4206d5b3557:0x71d731f434627f75?authuser=-1&hl=en&gl=us,Miami-Dade County,Miami,Florida,United States
Quality Inn & Suites,0x88e77e561f3c579f:0x2948a295d7414178,28.4509729,-81.4648271,Hotel,2.1,26,https://www.google.com/maps/place//data=!4m2!3m1!1s0x88e77e561f3c579f:0x2948a295d7414178?authuser=-1&hl=en&gl=us,Orange County,Orlando,Florida,United States
The Retreat Collection at 1 Hotel South Beach,0x88d9b49df363923f:0x77e1938b4dc9528d,25.799056999999998,-80.1273896,Hotel,1.0,1,https://www.google.com/maps/place//data=!4m2!3m1!1s0x88d9b49df363923f:0x77e1938b4dc9528d?authuser=-1&hl=en&gl=us,Miami-Dade County,Miami Beach,Florida,United States
Pelicanstay in Coconut Grove Miami,0x88d9b7b6a509fb57:0x5919e2b17bce0aa5,25.74169,-80.238232,Extended stay hotel,3.0,3,https://www.google.com/maps/place//data=!4m2!3m1!1s0x88d9b7b6a509fb57:0x5919e2b17bce0aa5?authuser=-1&hl=en&gl=us,Miami-Dade County,Miami,Florida,United States
Stay Alfred Little Havana,0x88d9b69379ec969b:0xfca68f66c7ebfa5e,25.774946,-80.20732,Hotel,4.5,8,https://www.google.com/maps/place//data=!4m2!3m1!1s0x88d9b69379ec969b:0xfca68f66c7ebfa5e?authuser=-1&hl=en&gl=us,Miami-Dade County,Miami,Florida,United States
The Plaza Hotel,0x89c25855dc57ce93:0x48cdcc44c56b2d30,40.7598172,-73.984692,Hotel,4.5,17,https://www.google.com/maps/place//data=!4m2!3m1!1s0x89c25855dc57ce93:0x48cdcc44c56b2d30?authuser=-1&hl=en&gl=us,New York County,New York,New York,United States
El Eden Motel,0x88d9b685022380a7:0x9dfb13f645924553,25.7664588,-80.19600539999999,Hotel,4.0,18,https://www.google.com/maps/place//data=!4m2!3m1!1s0x88d9b685022380a7:0x9dfb13f645924553?authuser=-1&hl=en&gl=us,Miami-Dade County,Miami,Florida,United States
Ocean plaza,0x88d9b491b3a48f2f:0xcffeb1489cb72cdd,25.7862598,-80.12976549999999,Hotel,4.7,14,https://www.google.com/maps/place//data=!4m2!3m1!1s0x88d9b491b3a48f2f:0xcffeb1489cb72cdd?authuser=-1&hl=en&gl=us,Miami-Dade County,Miami Beach,Florida,United States
NUOVO,0x88d9b6867cb6980d:0xda008f28db3760e5,25.7592437,-80.1935709,Hotel,3.1,18,https://www.google.com/maps/place//data=!4m2!3m1!1s0x88d9b6867cb6980d:0xda008f28db3760e5?authuser=-1&hl=en&gl=us,Miami-Dade County,Miami,Florida,United States
Five Star Luxury Travel,0x88d9b4f48a695ec7:0xdb36a52291924eff,25.799494,-80.1268322,Hotel,4.0,68,https://www.google.com/maps/place//data=!4m2!3m1!1s0x88d9b4f48a695ec7:0xdb36a52291924eff?authuser=-1&hl=en&gl=us,Miami-Dade County,Miami Beach,Florida,United States
Aya's Loft,0x89c2591d2ff50001:0xdc91fae13215e796,40.7514055,-73.9705256,Hotel,2.3,4,https://www.google.com/maps/place//data=!4m2!3m1!1s0x89c2591d2ff50001:0xdc91fae13215e796?authuser=-1&hl=en&gl=us,New York County,New York,New York,United States
Sofitel Miami,0x88d9aa27747f0b15:0x500e3f1ec7465a06,25.782057599999998,-80.2919726,Hotel,4.3,3,https://www.google.com/maps/place//data=!4m2!3m1!1s0x88d9aa27747f0b15:0x500e3f1ec7465a06?authuser=-1&hl=en&gl=us,Miami-Dade County,Miami,Florida,United States
Hotel Nuvo,0x88d9b6868ab90381:0x508356ca3871b219,25.7592437,-80.1935709,Hotel,4.7,3,https://www.google.com/maps/place//data=!4m2!3m1!1s0x88d9b6868ab90381:0x508356ca3871b219?authuser=-1&hl=en&gl=us,Miami-Dade County,Miami,Florida,United States
5 Star Island,0x88d9b45d0a6bd1b3:0x306ab9373598a834,25.775873999999998,-80.15137059999999,Hotel,4.1,38,https://www.google.com/maps/place//data=!4m2!3m1!1s0x88d9b45d0a6bd1b3:0x306ab9373598a834?authuser=-1&hl=en&gl=us,Miami-Dade County,Miami Beach,Florida,United States
Chic Place at Lincoln,0x88d9b48631b789f5:0xbdc672cb7ed4f261,25.789412199999997,-80.1396091,Hotel,4.0,8,https://www.google.com/maps/place//data=!4m2!3m1!1s0x88d9b48631b789f5:0xbdc672cb7ed4f261?authuser=-1&hl=en&gl=us,Miami-Dade County,Miami Beach,Florida,United States
Graduate Roosevelt Island,0x89c258dea0149fbd:0xcde930e32153cf2b,40.756367999999995,-73.9556302,Hotel,4.9,8,https://www.google.com/maps/place//data=!4m2!3m1!1s0x89c258dea0149fbd:0xcde930e32153cf2b?authuser=-1&hl=en&gl=us,New York County,New York,New York,United States
"The Draper, Ascend Hotel Collection",0x89c2592b35aba911:0x14e7dec81e2a5ebe,40.7504916,-73.9838917,Hotel,5.0,3,https://www.google.com/maps/place//data=!4m2!3m1!1s0x89c2592b35aba911:0x14e7dec81e2a5ebe?authuser=-1&hl=en&gl=us,New York County,New York,New York,United States
La Semana Inn,0x89c259a444118361:0x77bd35accce72d41,40.743004299999996,-73.9907131,Hotel,2.8,4,https://www.google.com/maps/place//data=!4m2!3m1!1s0x89c259a444118361:0x77bd35accce72d41?authuser=-1&hl=en&gl=us,New York County,New York,New York,United States
Ian Schrager Co,0x89c2599553541fdb:0xfd9b1a37079e91a4,40.7383266,-74.0066684,Hotel,5.0,3,https://www.google.com/maps/place//data=!4m2!3m1!1s0x89c2599553541fdb:0xfd9b1a37079e91a4?authuser=-1&hl=en&gl=us,New York County,New York,New York,United States
Godfrey's Rustic Cabins,0x87c8400504403d1d:0x87d809e90dcbb28a,36.852187,-94.71958289999999,Hotel,4.8,28,https://www.google.com/maps/place//data=!4m2!3m1!1s0x87c8400504403d1d:0x87d809e90dcbb28a?authuser=-1&hl=en&gl=us,Ottawa County,Miami,Oklahoma,United States
Studio Suite in Historic Miami,0x88d9b6f05ea14665:0xe93e9c154d4e3bd1,25.7679659,-80.219303,Hotel,4.0,6,https://www.google.com/maps/place//data=!4m2!3m1!1s0x88d9b6f05ea14665:0xe93e9c154d4e3bd1?authuser=-1&hl=en&gl=us,Miami-Dade County,Miami,Florida,United States
ORLANDO METROPOLITAN EXPRESS,0x88e77efcf1f2fca1:0xe5a2a6dba854b39f,28.4612496,-81.468097,Hotel,1.0,2,https://www.google.com/maps/place//data=!4m2!3m1!1s0x88e77efcf1f2fca1:0xe5a2a6dba854b39f?authuser=-1&hl=en&gl=us,Orange County,Orlando,Florida,United States
Trump National Doral Miami,0x88d9b962167c6ad7:0xae19f74da0f83273,25.812286099999998,-80.33700429999999,Hotel,3.3,8,https://www.google.com/maps/place//data=!4m2!3m1!1s0x88d9b962167c6ad7:0xae19f74da0f83273?authuser=-1&hl=en&gl=us,Miami-Dade County,Miami,Florida,United States
Best Western Plus Atlantik,0x88d9b39aa3559053:0x677282a59e0e03c5,25.8133029,-80.1224441,Hotel,3.5,55,https://www.google.com/maps/place//data=!4m2!3m1!1s0x88d9b39aa3559053:0x677282a59e0e03c5?authuser=-1&hl=en&gl=us,Miami-Dade County,Miami Beach,Florida,United States
New Ebony Hotel,0x89c2f6175614170d:0x971f716f464b1d23,40.800419399999996,-73.95405099999999,Hotel,3.3,248,https://www.google.com/maps/place//data=!4m2!3m1!1s0x89c2f6175614170d:0x971f716f464b1d23?authuser=-1&hl=en&gl=us,New York County,New York,New York,United States
Hotel Doral,0x88d9b9a4451b7165:0xfe43eebd47b65f28,25.7807083,-80.313772,Hotel,4.0,6,https://www.google.com/maps/place//data=!4m2!3m1!1s0x88d9b9a4451b7165:0xfe43eebd47b65f28?authuser=-1&hl=en&gl=us,Miami-Dade County,Miami,Florida,United States
Homewood Suite By Hilton Convention Center,0x89c25a221bbde641:0xde061f6300e34e93,40.7134248,-74.00552449999999,Hotel,4.5,4,https://www.google.com/maps/place//data=!4m2!3m1!1s0x89c25a221bbde641:0xde061f6300e34e93?authuser=-1&hl=en&gl=us,New York County,New York,New York,United States
CubeSmart,0x88e77f7e68b8546b:0x5484e0b2aa33a416,28.4494762,-81.4808267,Hotel,5.0,4,https://www.google.com/maps/place//data=!4m2!3m1!1s0x88e77f7e68b8546b:0x5484e0b2aa33a416?authuser=-1&hl=en&gl=us,Orange County,Orlando,Florida,United States
Hotel Des Artistes,0x89c258f4c6878449:0x988989be763ef302,40.773502,-73.9789261,Hotel,4.9,8,https://www.google.com/maps/place//data=!4m2!3m1!1s0x89c258f4c6878449:0x988989be763ef302?authuser=-1&hl=en&gl=us,New York County,New York,New York,United States
Quality Inn Convention Center,0x89c259b2f05408cd:0x5fe4da8fac293fc3,40.7553166,-73.9973521,Hotel,3.5,36,https://www.google.com/maps/place//data=!4m2!3m1!1s0x89c259b2f05408cd:0x5fe4da8fac293fc3?authuser=-1&hl=en&gl=us,New York County,New York,New York,United States
Comfort Inn Times Square South Area,0x89c259acdbeeb0db:0x314d995b11692563,40.755735,-73.991542,Hotel,3.4,285,https://www.google.com/maps/place//data=!4m2!3m1!1s0x89c259acdbeeb0db:0x314d995b11692563?authuser=-1&hl=en&gl=kr,New York County,New York,New York,United States
Lake House Apartments,0x88d9bf0f6d589633:0xd2f600ffc1be75f9,25.7568953,-80.40248129999999,Hotel,4.0,17,https://www.google.com/maps/place//data=!4m2!3m1!1s0x88d9bf0f6d589633:0xd2f600ffc1be75f9?authuser=-1&hl=en&gl=us,Miami-Dade County,Miami,Florida,United States
Hotel Indigo Miami Dadeland,0x88d9c7a6c67102d3:0xef6e3fdb3a27a7c8,25.687863999999998,-80.31889699999999,Hotel,3.8,48,https://www.google.com/maps/place//data=!4m2!3m1!1s0x88d9c7a6c67102d3:0xef6e3fdb3a27a7c8?authuser=-1&hl=en&gl=us,Miami-Dade County,Miami,Florida,United States
Mimosa on the Canal,0x88d9b2eeebcd3df7:0xb689d86a3fcd7ef3,25.862078,-80.1276851,Hotel,4.6,8,https://www.google.com/maps/place//data=!4m2!3m1!1s0x88d9b2eeebcd3df7:0xb689d86a3fcd7ef3?authuser=-1&hl=en&gl=us,Miami-Dade County,Miami Beach,Florida,United States
Holiday Inn Express Lake Buena Vista,0x88dd8017d8386df9:0x95345bac8139657,28.3848555,-81.50282659999999,Hotel,3.2,3,https://www.google.com/maps/place//data=!4m2!3m1!1s0x88dd8017d8386df9:0x95345bac8139657?authuser=-1&hl=en&gl=us,Orange County,Orlando,Florida,United States
Hotel Clairon Orlando,0x88dd8015c8d2b43b:0xec8b8a627eab4bf,28.3865531,-81.4982581,Hotel,4.0,8,https://www.google.com/maps/place//data=!4m2!3m1!1s0x88dd8015c8d2b43b:0xec8b8a627eab4bf?authuser=-1&hl=en&gl=us,Orange County,Orlando,Florida,United States
Wyndham Garden Hotel,0x88d9b48de77ea393:0x4a962561757ef9c6,25.781844099999997,-80.1330291,Hotel,3.2,8,https://www.google.com/maps/place//data=!4m2!3m1!1s0x88d9b48de77ea393:0x4a962561757ef9c6?authuser=-1&hl=en&gl=us,Miami-Dade County,Miami Beach,Florida,United States
Wyndham SP650,0x88e77dd3d5ed2ac9:0x195af2d633c75d31,28.4432562,-81.4201278,Hotel,4.7,15,https://www.google.com/maps/place//data=!4m2!3m1!1s0x88e77dd3d5ed2ac9:0x195af2d633c75d31?authuser=-1&hl=en&gl=us,Orange County,Orlando,Florida,United States
מלון אדיסון,0x89c25855c94c74d3:0xc95ae99e0bd55,40.7596572,-73.9861121,Hotel,3.9,8,https://www.google.com/maps/place//data=!4m2!3m1!1s0x89c25855c94c74d3:0xc95ae99e0bd55?authuser=-1&hl=en&gl=us,New York County,New York,New York,United States
Richmond Studio Apartments,0x88d9b49b5e7beefd:0x1f1e585fe7d9e78e,25.793457,-80.13044599999999,Hotel,2.1,7,https://www.google.com/maps/place//data=!4m2!3m1!1s0x88d9b49b5e7beefd:0x1f1e585fe7d9e78e?authuser=-1&hl=en&gl=us,Miami-Dade County,Miami Beach,Florida,United States
Fiji Longhouse at Disney's Polynesian Village Resort,0x88dd7e1946779a21:0xcfd337b212deece7,28.4062368,-81.586024,Hotel,5.0,4,https://www.google.com/maps/place//data=!4m2!3m1!1s0x88dd7e1946779a21:0xcfd337b212deece7?authuser=-1&hl=en&gl=us,Orange County,Orlando,Florida,United States
Convention Parking West,0x88e77fb567774d1b:0x8cb8e317de1dfeaa,28.4293108,-81.47260829999999,Hotel,4.0,3,https://www.google.com/maps/place//data=!4m2!3m1!1s0x88e77fb567774d1b:0x8cb8e317de1dfeaa?authuser=-1&hl=en&gl=us,Orange County,Orlando,Florida,United States
Miami Shores Motel,0x88d9b23d90257781:0x341a24dab795d643,25.8721396,-80.1730987,Hotel,2.6,27,https://www.google.com/maps/place//data=!4m2!3m1!1s0x88d9b23d90257781:0x341a24dab795d643?authuser=-1&hl=en&gl=us,Miami-Dade County,Miami Shores,Florida,United States
17 John St Associates,0x89c25a183a90dd95:0x5e007ece3643f3b4,40.71,-74.00869999999999,Hotel,4.7,25,https://www.google.com/maps/place//data=!4m2!3m1!1s0x89c25a183a90dd95:0x5e007ece3643f3b4?authuser=-1&hl=en&gl=us,New York County,New York,New York,United States
Grove Isle Hotel & Spa,0x88d9b6479c1537a5:0xf99e4e2fc4e7a192,25.7369727,-80.21773689999999,Hotel,4.2,45,https://www.google.com/maps/place//data=!4m2!3m1!1s0x88d9b6479c1537a5:0xf99e4e2fc4e7a192?authuser=-1&hl=en&gl=us,Miami-Dade County,Miami,Florida,United States
Lake Buena Vista Resort Village & Spa Building #2,0x88dd81b0fa2e86b7:0x59ff183f7db77845,28.3510055,-81.485939,Hotel,4.0,18,https://www.google.com/maps/place//data=!4m2!3m1!1s0x88dd81b0fa2e86b7:0x59ff183f7db77845?authuser=-1&hl=en&gl=us,Orange County,Orlando,Florida,United States
Hotel,0x89c2f752b636cf23:0xf6305f33ad03967f,40.7985691,-73.960022,Hotel,4.5,2,https://www.google.com/maps/place//data=!4m2!3m1!1s0x89c2f752b636cf23:0xf6305f33ad03967f?authuser=-1&hl=en&gl=us,New York County,New York,New York,United States
Casablanca by Suarez Vacation Rentals,0x88d9b3bf9b168563:0x4fd337ba733d3377,25.845269899999998,-80.12011679999999,Hotel,2.4,8,https://www.google.com/maps/place//data=!4m2!3m1!1s0x88d9b3bf9b168563:0x4fd337ba733d3377?authuser=-1&hl=en&gl=us,Miami-Dade County,Miami Beach,Florida,United States
Hotel Miami,0x88d9beca451f5a1b:0x4adbef810d90b4bb,25.7902833,-80.3694333,Hotel,4.5,2,https://www.google.com/maps/place//data=!4m2!3m1!1s0x88d9beca451f5a1b:0x4adbef810d90b4bb?authuser=-1&hl=en&gl=us,Miami-Dade County,Miami,Florida,United States
Building 72,0x88dd8081ac8aa197:0xf533bb0ecd874975,28.4031412,-81.4689226,Hotel,4.7,28,https://www.google.com/maps/place//data=!4m2!3m1!1s0x88dd8081ac8aa197:0xf533bb0ecd874975?authuser=-1&hl=en&gl=us,Orange County,Orlando,Florida,United States
Willard Hotel,0x88d9b6a69300019d:0x71211a478655e447,25.7882711,-80.19186429999999,Hotel,1.0,4,https://www.google.com/maps/place//data=!4m2!3m1!1s0x88d9b6a69300019d:0x71211a478655e447?authuser=-1&hl=en&gl=us,Miami-Dade County,Miami,Florida,United States
The House on Royal Palm,0x88e77ac67d9bebe3:0x4933374c9764e41e,28.554422,-81.353053,Hotel,5.0,6,https://www.google.com/maps/place//data=!4m2!3m1!1s0x88e77ac67d9bebe3:0x4933374c9764e41e?authuser=-1&hl=en&gl=us,Orange County,Orlando,Florida,United States
114 West 40th Street,0x89c259ab62ac1ea9:0x88424aadb214e624,40.754093499999996,-73.9888524,Hotel,3.0,2,https://www.google.com/maps/place//data=!4m2!3m1!1s0x89c259ab62ac1ea9:0x88424aadb214e624?authuser=-1&hl=en&gl=us,New York County,New York,New York,United States
Crestwood Suites,0x88e76893054f11f9:0x11e3f9ca2e1499a0,28.5961666,-81.2223206,Extended stay hotel,2.4,94,https://www.google.com/maps/place//data=!4m2!3m1!1s0x88e76893054f11f9:0x11e3f9ca2e1499a0?authuser=-1&hl=en&gl=us,Orange County,Orlando,Florida,United States
Comfort Suites-Orlando,0x88e77fb5c220fb97:0xb199b7d879d054de,28.4306099,-81.4760896,Hotel,3.5,18,https://www.google.com/maps/place//data=!4m2!3m1!1s0x88e77fb5c220fb97:0xb199b7d879d054de?authuser=-1&hl=en&gl=us,Orange County,Orlando,Florida,United States
Deauville Beach Resort,0x88d9b38535d50597:0x14295860f859f72e,25.850925399999998,-80.12016229999999,Hotel,3.8,4,https://www.google.com/maps/place//data=!4m2!3m1!1s0x88d9b38535d50597:0x14295860f859f72e?authuser=-1&hl=en&gl=us,Miami-Dade County,Miami Beach,Florida,United States
The Jefferson Hotel,0x88d9b68d36642d07:0x9688dd9fdd8c8fee,25.7682438,-80.20947269999999,Hotel,3.5,140,https://www.google.com/maps/place//data=!4m2!3m1!1s0x88d9b68d36642d07:0x9688dd9fdd8c8fee?authuser=-1&hl=en&gl=us,Miami-Dade County,Miami,Florida,United States
Fairfield Inn-International Drive,0x88e77eff6afeb69b:0xd5ad5080b7d90d5b,28.4533439,-81.4678778,Hotel,2.5,2,https://www.google.com/maps/place//data=!4m2!3m1!1s0x88e77eff6afeb69b:0xd5ad5080b7d90d5b?authuser=-1&hl=en&gl=us,Orange County,Orlando,Florida,United States
Empire Hotel Lobby Bar,0x89c258f5922d74b9:0x85af792fa088fefb,40.7713725,-73.982677,Hotel,4.2,94,https://www.google.com/maps/place//data=!4m2!3m1!1s0x89c258f5922d74b9:0x85af792fa088fefb?authuser=-1&hl=en&gl=us,New York County,New York,New York,United States
Hotel Deauville,0x89c259a78a9e2a79:0x830b08f0443eb24d,40.7438423,-73.9831275,Hotel,3.7,76,https://www.google.com/maps/place//data=!4m2!3m1!1s0x89c259a78a9e2a79:0x830b08f0443eb24d?authuser=-1&hl=en&gl=us,New York County,New York,New York,United States
"Drury Inn, Sand Lake Rd., Orlando",0x88e77f7762cab03f:0x46295078e70608a9,28.4293631,-81.4774237,Hotel,5.0,1,https://www.google.com/maps/place//data=!4m2!3m1!1s0x88e77f7762cab03f:0x46295078e70608a9?authuser=-1&hl=en&gl=us,Orange County,Orlando,Florida,United States
Tonga Longhouse at Disney's Polynesian Resort,0x88dd7e1941cb399d:0x5697a11a2cff71af,28.405708599999997,-81.58586439999999,Hotel,5.0,3,https://www.google.com/maps/place//data=!4m2!3m1!1s0x88dd7e1941cb399d:0x5697a11a2cff71af?authuser=-1&hl=en&gl=us,Orange County,Orlando,Florida,United States
Club Orlando,0x88e77c74923d5d41:0xf8ee6c06b2b3e5d8,28.4894553,-81.4041189,Hotel,4.0,83,https://www.google.com/maps/place//data=!4m2!3m1!1s0x88e77c74923d5d41:0xf8ee6c06b2b3e5d8?authuser=-1&hl=en&gl=us,Orange County,Orlando,Florida,United States
Building 57,0x88dd807d8d668539:0x149192272fffe1c7,28.398458599999998,-81.4724954,Hotel,4.8,14,https://www.google.com/maps/place//data=!4m2!3m1!1s0x88dd807d8d668539:0x149192272fffe1c7?authuser=-1&hl=en&gl=us,Orange County,Orlando,Florida,United States
Hotel Central Times Square,0x89c2598c6c52ed1f:0x972b0c56d9023ac8,40.7544496,-73.99410309999999,Hotel,2.2,5,https://www.google.com/maps/place//data=!4m2!3m1!1s0x89c2598c6c52ed1f:0x972b0c56d9023ac8?authuser=-1&hl=en&gl=us,New York County,New York,New York,United States
The Grand NYC Apartments,0x89c259a8c72ce547:0xb21944dfe33352a9,40.747208199999996,-73.98794509999999,Hotel,2.6,298,https://www.google.com/maps/place//data=!4m2!3m1!1s0x89c259a8c72ce547:0xb21944dfe33352a9?authuser=-1&hl=en&gl=us,New York County,New York,New York,United States
Penn station nyc,0x89c259a586ccf82d:0x5ff48b58c7b23bf0,40.746209199999996,-73.99144,Hotel,3.4,16,https://www.google.com/maps/place//data=!4m2!3m1!1s0x89c259a586ccf82d:0x5ff48b58c7b23bf0?authuser=-1&hl=en&gl=us,New York County,New York,New York,United States
Americas Best Value Inn Miami,0x87c817cc9f377fd3:0xdafc60aa25c3c4fc,36.8718417,-94.853432,Hotel,3.5,68,https://www.google.com/maps/place//data=!4m2!3m1!1s0x87c817cc9f377fd3:0xdafc60aa25c3c4fc?authuser=-1&hl=en&gl=us,Ottawa County,Miami,Oklahoma,United States
107 Street Hotel Corporation,0x89c2f624ca06fd47:0x76b8d83895bdc9a6,40.8019429,-73.96679329999999,Hotel,4.4,5,https://www.google.com/maps/place//data=!4m2!3m1!1s0x89c2f624ca06fd47:0x76b8d83895bdc9a6?authuser=-1&hl=en&gl=us,New York County,New York,New York,United States
Riff Downtown,0x89c25a10c46e5517:0xa6db57b222d111d9,40.7084385,-74.0136868,Hotel,3.6,118,https://www.google.com/maps/place//data=!4m2!3m1!1s0x89c25a10c46e5517:0xa6db57b222d111d9?authuser=-1&hl=en&gl=us,New York County,New York,New York,United States
Royal Stay,0x88d9b49c9f4f3c5b:0xfcf8423caaf2a06c,25.788152399999998,-80.13803829999999,Hotel,3.0,2,https://www.google.com/maps/place//data=!4m2!3m1!1s0x88d9b49c9f4f3c5b:0xfcf8423caaf2a06c?authuser=-1&hl=en&gl=us,Miami-Dade County,Miami Beach,Florida,United States
Jade Bar,0x89c259a0fdcd87d9:0x31880442280dbcbc,40.7385531,-73.985895,Hotel,3.5,8,https://www.google.com/maps/place//data=!4m2!3m1!1s0x89c259a0fdcd87d9:0x31880442280dbcbc?authuser=-1&hl=en&gl=us,New York County,New York,New York,United States
New Paradise Men's Spa,0x89c258577a8cbecb:0x851478c97e1927cb,40.764861599999996,-73.9868137,Resort hotel,4.4,88,https://www.google.com/maps/place//data=!4m2!3m1!1s0x89c258577a8cbecb:0x851478c97e1927cb?authuser=-1&hl=en&gl=us,New York County,New York,New York,United States
Lakeside Cottages at The Bay Hill Club,0x88e77f792c8edcdd:0xc7d87716a09db9b7,28.458251599999997,-81.510665,Hotel,4.0,1,https://www.google.com/maps/place//data=!4m2!3m1!1s0x88e77f792c8edcdd:0xc7d87716a09db9b7?authuser=-1&hl=en&gl=us,Orange County,Orlando,Florida,United States
Hotel Roma,0x88d9ae460471a9d7:0xcddde11ec6688375,25.928276,-80.2205929,Hotel,2.1,88,https://www.google.com/maps/place//data=!4m2!3m1!1s0x88d9ae460471a9d7:0xcddde11ec6688375?authuser=-1&hl=en&gl=us,Miami-Dade County,Miami,Florida,United States
Hotel YMCA,0x89c2591d55b745d3:0xde073f30184532d3,40.7533935,-73.9710808,Hotel,3.3,18,https://www.google.com/maps/place//data=!4m2!3m1!1s0x89c2591d55b745d3:0xde073f30184532d3?authuser=-1&hl=en&gl=us,New York County,New York,New York,United States
The Island Spa,0x88dd81b513158daf:0x196c2c57ba0a924b,28.3587495,-81.4923371,Resort hotel,4.5,38,https://www.google.com/maps/place//data=!4m2!3m1!1s0x88dd81b513158daf:0x196c2c57ba0a924b?authuser=-1&hl=en&gl=us,Orange County,Orlando,Florida,United States
Best Western Plus Seaport Inn Downtown,0x89c25a3cb220501d:0x69fe4bc857c0b3b9,40.7081065,-74.0013876,Hotel,4.0,78,https://www.google.com/maps/place//data=!4m2!3m1!1s0x89c25a3cb220501d:0x69fe4bc857c0b3b9?authuser=-1&hl=en&gl=us,New York County,New York,New York,United States
"Sanctuary South Beach Condominium Association, Inc.",0x88d9b49b5b576239:0xdd9d1f37c9007c7b,25.793044899999998,-80.13049319999999,Hotel,3.3,65,https://www.google.com/maps/place//data=!4m2!3m1!1s0x88d9b49b5b576239:0xdd9d1f37c9007c7b?authuser=-1&hl=en&gl=us,Miami-Dade County,Miami Beach,Florida,United States
Akal Hospitality LLC,0x88e77fead57e6f51:0x2208aaddda493b8c,28.430349,-81.49653599999999,Hotel,4.0,4,https://www.google.com/maps/place//data=!4m2!3m1!1s0x88e77fead57e6f51:0x2208aaddda493b8c?authuser=-1&hl=en&gl=us,Orange County,Orlando,Florida,United States
The Setai Residences,0x88d9b49c4305a9b7:0x5e60064ec28d59e1,25.7954398,-80.12805039999999,Hotel,4.4,18,https://www.google.com/maps/place//data=!4m2!3m1!1s0x88d9b49c4305a9b7:0x5e60064ec28d59e1?authuser=-1&hl=en&gl=us,Miami-Dade County,Miami Beach,Florida,United States
